{
  "loss_curve": [
    2.047657324801973,
    1.0723633059709663,
    0.6871062771422294,
    0.44590256137934764,
    0.33228774194753985,
    0.16455397100590335,
    0.11115144716191497,
    0.048863397585328455,
    0.030330884510261558,
    0.019911588080731697,
    0.014033074920220892,
    0.011221488763319108,
    0.009425928848507535,
    0.008186298981768973,
    0.007303529056515242,
    0.006482240446759094,
    0.005896883861902004,
    0.005369122007663505,
    0.004932173769197437,
    0.004543199644861378,
    0.0042105113253268845,
    0.003927871014184942,
    0.003673792053389069,
    0.003459627842148793,
    0.0032388297174258066
  ],
  "best_validation_score": 0.45689655172413796,
  "n_iter": 25
}