{
  "train_loss": [
    1.040056210072314,
    0.808674125192081,
    0.6500224011843322,
    0.5295310849460474,
    0.4327816206887943,
    0.4109144111945775,
    0.35044056115426103,
    0.38219159154978366,
    0.3397812030508767,
    0.33069793084142945
  ],
  "train_acc": [
    0.6548748921484038,
    0.7169974115616912,
    0.7713546160483176,
    0.816220880069025,
    0.8559102674719585,
    0.8645383951682485,
    0.8714408973252804,
    0.8757549611734253,
    0.8817946505608283,
    0.8861087144089732
  ],
  "val_loss": [
    0.7879954938463837,
    1.0957191415161256,
    1.9109331983507343,
    0.35154581679265023,
    0.3314049401987902,
    0.3528397655197483,
    0.3172514419927288,
    0.29628391545793786,
    0.2945498328218576,
    0.2907983224522247
  ],
  "val_acc": [
    0.7773279352226721,
    0.7044534412955465,
    0.4777327935222672,
    0.8299595141700404,
    0.8785425101214575,
    0.8785425101214575,
    0.8825910931174089,
    0.8785425101214575,
    0.8866396761133604,
    0.8906882591093117
  ]
}